
{
    "region" : "us-east-2",
    "configuration" : "Debug",
    "framework"     : "net5.0",
    "self-contained" : true,
    "application"    : "RedditStockResearcher",
    "environment"    : "RedditStockResearcher-dev",
    "enable-xray"    : false,
    "enhanced-health-type" : "basic",
    "additional-options"   : "",
    "solution-stack"       : "64bit Amazon Linux 2 v2.1.4 running .NET Core",
    "environment-type"     : "SingleInstance",
    "cname"                : "redditstockresearcher-dev",
    "instance-type"        : "t3a.micro",
    "key-pair"             : "",
    "instance-profile"     : "aws-elasticbeanstalk-ec2-role",
    "service-role"         : "aws-elasticbeanstalk-service-role",
    "proxy-server"         : "nginx"
}